{
  "Total" : {
    "transaction" : "Total",
    "sampleCount" : 10029,
    "errorCount" : 0,
    "errorPct" : 0.0,
    "meanResTime" : 319.00847542127804,
    "medianResTime" : 84.0,
    "minResTime" : 35.0,
    "maxResTime" : 1815.0,
    "pct1ResTime" : 869.0,
    "pct2ResTime" : 889.0,
    "pct3ResTime" : 945.7000000000007,
    "throughput" : 99.93522993373524,
    "receivedKBytesPerSec" : 26.00931731415973,
    "sentKBytesPerSec" : 19.81428818319964
  },
  "PUT /folder" : {
    "transaction" : "PUT /folder",
    "sampleCount" : 304,
    "errorCount" : 0,
    "errorPct" : 0.0,
    "meanResTime" : 329.9901315789475,
    "medianResTime" : 90.0,
    "minResTime" : 39.0,
    "maxResTime" : 987.0,
    "pct1ResTime" : 875.0,
    "pct2ResTime" : 890.75,
    "pct3ResTime" : 966.0,
    "throughput" : 3.029427298727441,
    "receivedKBytesPerSec" : 0.8993612293097091,
    "sentKBytesPerSec" : 0.6833961972715223
  },
  "GET /folders" : {
    "transaction" : "GET /folders",
    "sampleCount" : 6689,
    "errorCount" : 0,
    "errorPct" : 0.0,
    "meanResTime" : 298.8585737778445,
    "medianResTime" : 73.0,
    "minResTime" : 35.0,
    "maxResTime" : 1130.0,
    "pct1ResTime" : 865.0,
    "pct2ResTime" : 884.0,
    "pct3ResTime" : 945.0,
    "throughput" : 66.65670154459393,
    "receivedKBytesPerSec" : 17.850657464499253,
    "sentKBytesPerSec" : 13.244094886646737
  },
  "POST /addFolder" : {
    "transaction" : "POST /addFolder",
    "sampleCount" : 278,
    "errorCount" : 0,
    "errorPct" : 0.0,
    "meanResTime" : 360.88848920863313,
    "medianResTime" : 107.0,
    "minResTime" : 46.0,
    "maxResTime" : 990.0,
    "pct1ResTime" : 870.1,
    "pct2ResTime" : 894.05,
    "pct3ResTime" : 963.2999999999994,
    "throughput" : 2.7703315429152258,
    "receivedKBytesPerSec" : 0.738574717984235,
    "sentKBytesPerSec" : 0.5735452022441678
  },
  "GET /children" : {
    "transaction" : "GET /children",
    "sampleCount" : 2758,
    "errorCount" : 0,
    "errorPct" : 0.0,
    "meanResTime" : 362.44633792603383,
    "medianResTime" : 105.0,
    "minResTime" : 45.0,
    "maxResTime" : 1815.0,
    "pct1ResTime" : 877.0,
    "pct2ResTime" : 895.0,
    "pct3ResTime" : 943.0,
    "throughput" : 27.48243734741667,
    "receivedKBytesPerSec" : 6.5217112064670415,
    "sentKBytesPerSec" : 5.3139869089731455
  }
}