{
  "Total" : {
    "transaction" : "Total",
    "sampleCount" : 30149,
    "errorCount" : 0,
    "errorPct" : 0.0,
    "meanResTime" : 487.629141928423,
    "medianResTime" : 187.0,
    "minResTime" : 36.0,
    "maxResTime" : 2831.0,
    "pct1ResTime" : 956.0,
    "pct2ResTime" : 989.0,
    "pct3ResTime" : 1050.0,
    "throughput" : 100.32043709882971,
    "receivedKBytesPerSec" : 26.285738781374054,
    "sentKBytesPerSec" : 19.9577111363954
  },
  "PUT /folder" : {
    "transaction" : "PUT /folder",
    "sampleCount" : 1263,
    "errorCount" : 0,
    "errorPct" : 0.0,
    "meanResTime" : 475.30562153602534,
    "medianResTime" : 169.0,
    "minResTime" : 39.0,
    "maxResTime" : 1842.0,
    "pct1ResTime" : 942.6000000000001,
    "pct2ResTime" : 966.8,
    "pct3ResTime" : 1008.0799999999997,
    "throughput" : 4.204156222850238,
    "receivedKBytesPerSec" : 1.2481088786586645,
    "sentKBytesPerSec" : 0.94839852292813
  },
  "GET /folders" : {
    "transaction" : "GET /folders",
    "sampleCount" : 20826,
    "errorCount" : 0,
    "errorPct" : 0.0,
    "meanResTime" : 432.11855373091345,
    "medianResTime" : 117.0,
    "minResTime" : 36.0,
    "maxResTime" : 2790.0,
    "pct1ResTime" : 934.0,
    "pct2ResTime" : 958.0,
    "pct3ResTime" : 1003.0,
    "throughput" : 69.32340938292646,
    "receivedKBytesPerSec" : 18.563334306283245,
    "sentKBytesPerSec" : 13.774206376615249
  },
  "POST /addFolder" : {
    "transaction" : "POST /addFolder",
    "sampleCount" : 1201,
    "errorCount" : 0,
    "errorPct" : 0.0,
    "meanResTime" : 499.8484596169859,
    "medianResTime" : 298.0,
    "minResTime" : 47.0,
    "maxResTime" : 1952.0,
    "pct1ResTime" : 941.0,
    "pct2ResTime" : 963.7999999999997,
    "pct3ResTime" : 1007.0,
    "throughput" : 3.9976300477984736,
    "receivedKBytesPerSec" : 1.065774417040023,
    "sentKBytesPerSec" : 0.8276343458332779
  },
  "GET /children" : {
    "transaction" : "GET /children",
    "sampleCount" : 6859,
    "errorCount" : 0,
    "errorPct" : 0.0,
    "meanResTime" : 656.3057296982059,
    "medianResTime" : 876.0,
    "minResTime" : 53.0,
    "maxResTime" : 2831.0,
    "pct1ResTime" : 1005.0,
    "pct2ResTime" : 1032.0,
    "pct3ResTime" : 1096.3999999999996,
    "throughput" : 22.823240507508476,
    "receivedKBytesPerSec" : 5.416061956371641,
    "sentKBytesPerSec" : 4.413087520006522
  }
}