{
  "Total" : {
    "transaction" : "Total",
    "sampleCount" : 10029,
    "errorCount" : 0,
    "errorPct" : 0.0,
    "meanResTime" : 318.55489081663154,
    "medianResTime" : 76.0,
    "minResTime" : 35.0,
    "maxResTime" : 1759.0,
    "pct1ResTime" : 880.0,
    "pct2ResTime" : 897.0,
    "pct3ResTime" : 930.0,
    "throughput" : 100.06086062915922,
    "receivedKBytesPerSec" : 25.989049529701983,
    "sentKBytesPerSec" : 19.833818836115295
  },
  "PUT /folder" : {
    "transaction" : "PUT /folder",
    "sampleCount" : 312,
    "errorCount" : 0,
    "errorPct" : 0.0,
    "meanResTime" : 321.144230769231,
    "medianResTime" : 80.0,
    "minResTime" : 39.0,
    "maxResTime" : 979.0,
    "pct1ResTime" : 879.4,
    "pct2ResTime" : 897.7499999999998,
    "pct3ResTime" : 935.96,
    "throughput" : 3.1133374578402218,
    "receivedKBytesPerSec" : 0.9242720577963159,
    "sentKBytesPerSec" : 0.7023251491807532
  },
  "GET /folders" : {
    "transaction" : "GET /folders",
    "sampleCount" : 6514,
    "errorCount" : 0,
    "errorPct" : 0.0,
    "meanResTime" : 306.4585508136325,
    "medianResTime" : 70.0,
    "minResTime" : 35.0,
    "maxResTime" : 1759.0,
    "pct1ResTime" : 878.0,
    "pct2ResTime" : 895.0,
    "pct3ResTime" : 929.0,
    "throughput" : 64.99117022019576,
    "receivedKBytesPerSec" : 17.399276749992516,
    "sentKBytesPerSec" : 12.914118075856289
  },
  "POST /addFolder" : {
    "transaction" : "POST /addFolder",
    "sampleCount" : 281,
    "errorCount" : 0,
    "errorPct" : 0.0,
    "meanResTime" : 356.5693950177938,
    "medianResTime" : 94.0,
    "minResTime" : 44.0,
    "maxResTime" : 984.0,
    "pct1ResTime" : 885.4000000000001,
    "pct2ResTime" : 899.0,
    "pct3ResTime" : 954.6800000000002,
    "throughput" : 2.803999441195841,
    "receivedKBytesPerSec" : 0.7475506322719381,
    "sentKBytesPerSec" : 0.5805155093100764
  },
  "GET /children" : {
    "transaction" : "GET /children",
    "sampleCount" : 2922,
    "errorCount" : 0,
    "errorPct" : 0.0,
    "meanResTime" : 341.58898015058236,
    "medianResTime" : 86.0,
    "minResTime" : 42.0,
    "maxResTime" : 1120.0,
    "pct1ResTime" : 881.7000000000003,
    "pct2ResTime" : 899.0,
    "pct3ResTime" : 933.31,
    "throughput" : 29.153239082501074,
    "receivedKBytesPerSec" : 6.918200290085704,
    "sentKBytesPerSec" : 5.637052088217981
  }
}