{
  "GET /folder" : {
    "transaction" : "GET /folder",
    "sampleCount" : 11348,
    "errorCount" : 0,
    "errorPct" : 0.0,
    "meanResTime" : 396.5155093408536,
    "medianResTime" : 113.0,
    "minResTime" : 35.0,
    "maxResTime" : 1821.0,
    "pct1ResTime" : 907.0,
    "pct2ResTime" : 932.5499999999993,
    "pct3ResTime" : 979.0,
    "throughput" : 37.776298268974706,
    "receivedKBytesPerSec" : 11.25172946488016,
    "sentKBytesPerSec" : 7.30440142310253
  },
  "Total" : {
    "transaction" : "Total",
    "sampleCount" : 30148,
    "errorCount" : 0,
    "errorPct" : 0.0,
    "meanResTime" : 487.66969616558276,
    "medianResTime" : 178.0,
    "minResTime" : 35.0,
    "maxResTime" : 2213.0,
    "pct1ResTime" : 981.0,
    "pct2ResTime" : 1020.0,
    "pct3ResTime" : 1083.9900000000016,
    "throughput" : 100.28974515067746,
    "receivedKBytesPerSec" : 26.476347415787618,
    "sentKBytesPerSec" : 19.993901312627035
  },
  "GET /parents" : {
    "transaction" : "GET /parents",
    "sampleCount" : 11178,
    "errorCount" : 0,
    "errorPct" : 0.0,
    "meanResTime" : 402.53265342637343,
    "medianResTime" : 114.0,
    "minResTime" : 35.0,
    "maxResTime" : 1972.0,
    "pct1ResTime" : 909.0,
    "pct2ResTime" : 934.0,
    "pct3ResTime" : 976.2099999999991,
    "throughput" : 37.21026228274873,
    "receivedKBytesPerSec" : 8.830169662800722,
    "sentKBytesPerSec" : 7.594672672943831
  },
  "PUT /folder" : {
    "transaction" : "PUT /folder",
    "sampleCount" : 1345,
    "errorCount" : 0,
    "errorPct" : 0.0,
    "meanResTime" : 446.327881040892,
    "medianResTime" : 148.0,
    "minResTime" : 37.0,
    "maxResTime" : 2084.0,
    "pct1ResTime" : 926.0,
    "pct2ResTime" : 946.7,
    "pct3ResTime" : 1005.3999999999996,
    "throughput" : 4.477423134795403,
    "receivedKBytesPerSec" : 1.3292349931423852,
    "sentKBytesPerSec" : 1.01004369544701
  },
  "POST /addFolder" : {
    "transaction" : "POST /addFolder",
    "sampleCount" : 1282,
    "errorCount" : 0,
    "errorPct" : 0.0,
    "meanResTime" : 468.202808112324,
    "medianResTime" : 188.5,
    "minResTime" : 51.0,
    "maxResTime" : 1175.0,
    "pct1ResTime" : 929.0,
    "pct2ResTime" : 952.0,
    "pct3ResTime" : 1009.0600000000013,
    "throughput" : 4.267586317092982,
    "receivedKBytesPerSec" : 1.1377451802406093,
    "sentKBytesPerSec" : 0.8835237297106563
  },
  "GET /children" : {
    "transaction" : "GET /children",
    "sampleCount" : 4995,
    "errorCount" : 0,
    "errorPct" : 0.0,
    "meanResTime" : 901.4116116116116,
    "medianResTime" : 982.0,
    "minResTime" : 69.0,
    "maxResTime" : 2213.0,
    "pct1ResTime" : 1054.0,
    "pct2ResTime" : 1081.0,
    "pct3ResTime" : 1138.0,
    "throughput" : 16.616268973982816,
    "receivedKBytesPerSec" : 3.9431185162869378,
    "sentKBytesPerSec" : 3.2129113836412087
  }
}