{
  "Total" : {
    "transaction" : "Total",
    "sampleCount" : 14680,
    "errorCount" : 14680,
    "errorPct" : 100.0,
    "meanResTime" : 1001.4557901907377,
    "medianResTime" : 1001.0,
    "minResTime" : 1000.0,
    "maxResTime" : 1039.0,
    "pct1ResTime" : 1002.0,
    "pct2ResTime" : 1003.0,
    "pct3ResTime" : 1004.0,
    "throughput" : 48.78924243733507,
    "receivedKBytesPerSec" : 122.97366672925958,
    "sentKBytesPerSec" : 0.0
  },
  "PUT /folder" : {
    "transaction" : "PUT /folder",
    "sampleCount" : 600,
    "errorCount" : 600,
    "errorPct" : 100.0,
    "meanResTime" : 1001.626666666667,
    "medianResTime" : 1001.0,
    "minResTime" : 1000.0,
    "maxResTime" : 1038.0,
    "pct1ResTime" : 1003.0,
    "pct2ResTime" : 1003.0,
    "pct3ResTime" : 1004.0,
    "throughput" : 1.994110726321597,
    "receivedKBytesPerSec" : 5.026171664683634,
    "sentKBytesPerSec" : 0.0
  },
  "GET /folders" : {
    "transaction" : "GET /folders",
    "sampleCount" : 8987,
    "errorCount" : 8987,
    "errorPct" : 100.0,
    "meanResTime" : 1001.4417491932786,
    "medianResTime" : 1001.0,
    "minResTime" : 1000.0,
    "maxResTime" : 1039.0,
    "pct1ResTime" : 1002.0,
    "pct2ResTime" : 1003.0,
    "pct3ResTime" : 1003.0,
    "throughput" : 29.868455162420318,
    "receivedKBytesPerSec" : 75.28367458418636,
    "sentKBytesPerSec" : 0.0
  },
  "POST /addFolder" : {
    "transaction" : "POST /addFolder",
    "sampleCount" : 600,
    "errorCount" : 600,
    "errorPct" : 100.0,
    "meanResTime" : 1001.6233333333336,
    "medianResTime" : 1001.0,
    "minResTime" : 1000.0,
    "maxResTime" : 1039.0,
    "pct1ResTime" : 1003.0,
    "pct2ResTime" : 1003.0,
    "pct3ResTime" : 1003.0,
    "throughput" : 1.994110726321597,
    "receivedKBytesPerSec" : 5.026171664683634,
    "sentKBytesPerSec" : 0.0
  },
  "GET /children" : {
    "transaction" : "GET /children",
    "sampleCount" : 4493,
    "errorCount" : 4493,
    "errorPct" : 100.0,
    "meanResTime" : 1001.4386823948356,
    "medianResTime" : 1001.0,
    "minResTime" : 1000.0,
    "maxResTime" : 1039.0,
    "pct1ResTime" : 1002.0,
    "pct2ResTime" : 1003.0,
    "pct3ResTime" : 1003.0600000000004,
    "throughput" : 14.935345543994947,
    "receivedKBytesPerSec" : 37.64465512602633,
    "sentKBytesPerSec" : 0.0
  }
}